title,price,mileage,location
2017 Ford Fiesta SE,"$6,990","64,372 mi.","Miami, FL (1,716 mi.)"
2019 Ford Fiesta SE,"$8,119","92,119 mi.","Springfield, MO (658 mi.)"
2015 Ford Fiesta SE,"$6,987","117,862 mi.","Muskegon, MI (998 mi.)"
2016 Ford Fiesta ST,"$10,989","100,423 mi.","Springfield, MO (658 mi.)"
2019 Ford Fiesta SE,"$8,435","71,117 mi.","North Richland Hills, TX (644 mi.)"
2016 Ford Fiesta SE,"$9,338","64,466 mi.","Perrysburg, OH (1,122 mi.)"
2019 Ford Fiesta ST Line,"$14,000","53,290 mi.","Kenosha, WI (909 mi.)"
2017 Ford Fiesta Titanium,"$9,995","82,703 mi.","Avon, MA (1,767 mi.)"
2016 Ford Fiesta S,"$6,998","92,625 mi.","Renfrew, PA (1,314 mi.)"
2019 Ford Fiesta SE,"$12,398","32,703 mi.","Lincoln, NE (443 mi.)"
2018 Ford Fiesta ST,"$15,981","70,777 mi.","Eugene, OR (977 mi.)"
2019 Ford Fiesta SE,"$11,850","23,108 mi.","Mentor, OH (1,243 mi.)"
2013 Ford Fiesta SE,"$6,982","75,759 mi.","Columbus, GA (1,219 mi.)"
2013 Ford Fiesta S,"$6,973","62,029 mi.","Granger, IN (994 mi.)"
2018 Ford Fiesta SE,"$11,300","13,212 mi.","Sarasota, FL (1,545 mi.)"
2014 Ford Fiesta ST,"$8,399","104,037 mi.","Miami, FL (1,715 mi.)"
2018 Ford Fiesta ST,"$13,984","70,627 mi.","Henderson, NV (606 mi.)"
2017 Ford Fiesta S,"$8,500","57,034 mi.","Surprise, AZ (593 mi.)"
2017 Ford Fiesta SE,"$6,921","96,264 mi.","Cincinnati, OH (1,099 mi.)"
2019 Ford Fiesta SE,"$12,495","66,638 mi.","Hopkins, MN (689 mi.)"
2013 Ford Fiesta SE,"$7,998","89,818 mi.","Mesa, AZ (578 mi.)"
2019 Ford Fiesta SE,"$16,510","20,877 mi.","Woodhaven, MI (1,144 mi.)"
2015 Ford Fiesta ST,"$10,995","78,688 mi.","Ann Arbor, MI (1,114 mi.)"
2012 Ford Fiesta SE,"$8,043","155,000 mi.","Wesley Chapel, FL (1,514 mi.)"
2019 Ford Fiesta SE,"$9,999","75,055 mi.","Peoria, AZ (585 mi.)"
2017 Ford Fiesta SE,"$10,985","30,652 mi.","Columbus, OH (1,157 mi.)"
2016 Ford Fiesta ST,"$12,900","66,222 mi.","Columbus, OH (1,169 mi.)"
2019 Ford Fiesta ST Line,"$17,999","22,973 mi.","Canton, MA (1,763 mi.)"
2013 Ford Fiesta SE,"$9,795","39,812 mi.","National City, CA (835 mi.)"
2017 Ford Fiesta SE,"$6,999","83,992 mi.","Draper, UT (371 mi.)"
2019 Ford Fiesta SE,"$11,799","39,268 mi.","Forest Park, IL (907 mi.)"
2015 Ford Fiesta SE,"$6,251","139,628 mi.","Oxnard, CA (871 mi.)"
2017 Ford Fiesta SE,"$9,884","57,260 mi.","Jacksonville, FL (1,471 mi.)"
2018 Ford Fiesta SE,"$9,888","74,353 mi.","Granite City, IL (796 mi.)"
2018 Ford Fiesta SE,"$8,988","54,014 mi.","St Augustine, FL (1,500 mi.)"
2019 Ford Fiesta SE,"$9,989","111,698 mi.","Christiansburg, VA (1,340 mi.)"
2018 Ford Fiesta ST,"$13,795","58,372 mi.","Jacksonville, FL (1,473 mi.)"
2019 Ford Fiesta SE,"$11,135","61,438 mi.","Spring, TX (860 mi.)"
2014 Ford Fiesta S,"$6,487","169,536 mi.","Seekonk, MA (1,754 mi.)"
2019 Ford Fiesta ST,"$13,995","72,078 mi.","Cincinnati, OH (1,085 mi.)"
2019 Ford Fiesta SE,"$11,998","35,383 mi.","Portage, WI (841 mi.)"
2013 Ford Fiesta SE,"$6,495","94,708 mi.","Paulding, OH (1,074 mi.)"
2016 Ford Fiesta Titanium,"$6,110","122,693 mi.","DuBois, PA (1,375 mi.)"
2019 Ford Fiesta S,"$12,995","65,245 mi.","Columbus, GA (1,220 mi.)"
2019 Ford Fiesta SE,"$13,695","84,882 mi.","Union City, GA (1,208 mi.)"
2014 Ford Fiesta Titanium,"$11,990","66,652 mi.","Champaign, IL (885 mi.)"
2016 Ford Fiesta S,"$11,599","76,564 mi.","Memphis, TN (888 mi.)"
2015 Ford Fiesta SE,"$9,599","124,829 mi.","Springfield, MO (659 mi.)"
2019 Ford Fiesta SE,"$13,495","97,710 mi.","Ocala, FL (1,486 mi.)"
2019 Ford Fiesta SE,"$11,895","41,344 mi.","Camdenton, MO (668 mi.)"
2017 Ford Fiesta SE,"$11,595","82,265 mi.","Morrow, GA (1,218 mi.)"
2019 Ford Fiesta SE,"$12,998","67,853 mi.","Baton Rouge, LA (1,017 mi.)"
2015 Ford Fiesta SE,"$9,990","12,345 mi.","Niagara Falls, NY (1,360 mi.)"
2016 Ford Fiesta S,"$10,599","101,888 mi.","Newport News, VA (1,543 mi.)"
2018 Ford Fiesta SE,"$13,998","52,240 mi.","Wilmington, NC (1,538 mi.)"
2019 Ford Fiesta SE,"$13,599","63,557 mi.","Winston-Salem, NC (1,362 mi.)"
2015 Ford Fiesta SE,"$5,950","107,000 mi.","Rochester, NY (1,428 mi.)"
2019 Ford Fiesta SE,"$13,998","31,834 mi.","San Diego, CA (830 mi.)"
2017 Ford Fiesta SE,"$12,599","70,063 mi.","Rogers, AR (636 mi.)"
2017 Ford Fiesta ST Hatch,"$6,995","144,708 mi.","Dallas, TX (657 mi.)"
2015 Ford Fiesta SE,"$8,777","124,674 mi.","Reedley, CA (816 mi.)"
2018 Ford Fiesta SE,"$12,998","53,421 mi.","Lubbock, TX (462 mi.)"
2018 Ford Fiesta SE,"$11,195","125,141 mi.","Hialeah, FL (1,713 mi.)"
2019 Ford Fiesta SE,"$15,795","89,317 mi.","Colorado Springs, CO (65 mi.)"
2019 Ford Fiesta SE,"$8,245","99,707 mi.","Newnan, GA (1,201 mi.)"
2015 Ford Fiesta SE,"$9,995","58,103 mi.","Anchorage, AK (2,394 mi.)"
2014 Ford Fiesta SE,"$7,277","99,665 mi.","Warren, PA (1,353 mi.)"
2016 Ford Fiesta SE,"$13,998","20,401 mi.","Roseville, CA (874 mi.)"
2015 Ford Fiesta SE,"$7,493","98,416 mi.","West Bend, WI (900 mi.)"
2019 Ford Fiesta SE,"$13,295","101,311 mi.","Stone Mountain, GA (1,217 mi.)"
2014 Ford Fiesta SE,"$7,499","102,129 mi.","Fort Wayne, IN (1,043 mi.)"
2018 Ford Fiesta SE,"$13,495","74,602 mi.","El Paso, TX (561 mi.)"
2015 Ford Fiesta SE,"$6,000","93,978 mi.","Fort Myers, FL (1,615 mi.)"
2014 Ford Fiesta SE,"$8,995","90,494 mi.","Spokane Valley, WA (817 mi.)"
2019 Ford Fiesta SE,"$8,333","104,407 mi.","Union City, GA (1,208 mi.)"
2019 Ford Fiesta SE,"$13,795","73,093 mi.","Duluth, GA (1,216 mi.)"
2013 Ford Fiesta SE,"$5,990","160,611 mi.","Durand, IL (834 mi.)"
2019 Ford Fiesta ST Line,"$13,995","72,648 mi.","Perry, FL (1,378 mi.)"
2019 Ford Fiesta SE,"$12,895","100,997 mi.","Huntsville, AL (1,065 mi.)"
2014 Ford Fiesta ST,"$8,095","131,375 mi.","Mesa, AZ (578 mi.)"
2019 Ford Fiesta SE,"$7,826","113,622 mi.","Monroeville, PA (1,327 mi.)"
2017 Ford Fiesta SE,"$14,599","23,762 mi.","Jackson, TN (923 mi.)"
2015 Ford Fiesta SE,"$6,998","109,584 mi.","North Wilkesboro, NC (1,316 mi.)"
2016 Ford Fiesta ST,"$7,900","164,753 mi.","New Smyrna Beach, FL (1,550 mi.)"
2019 Ford Fiesta S,"$12,987","19,749 mi.","Nicholasville, KY (1,104 mi.)"
2018 Ford Fiesta SE,"$13,998","64,523 mi.","Glen Allen, VA (1,478 mi.)"
2019 Ford Fiesta SE,"$7,285","112,812 mi.","Englewood, CO (9 mi.)"
2019 Ford Fiesta SE,"$10,999","88,309 mi.","Titusville, FL (1,574 mi.)"
2016 Ford Fiesta SE,"$9,422","52,107 mi.","Palatka, FL (1,490 mi.)"
2017 Ford Fiesta SE,"$12,599","52,703 mi.","Littleton, CO (11 mi.)"
2013 Ford Fiesta S,"$9,998","105,831 mi.","Harrisonburg, VA (1,397 mi.)"
2013 Ford Fiesta SE,"$5,495","142,410 mi.","Lockport, IL (892 mi.)"
2019 Ford Fiesta SE,"$14,095","84,015 mi.","Conway, SC (1,490 mi.)"
2017 Ford Fiesta SE,"$12,977","7,432 mi.","Elk Grove Village, IL (899 mi.)"
2019 Ford Fiesta SE,"$13,995","51,426 mi.","Montclair, CA (805 mi.)"
2011 Ford Fiesta SE,"$5,690","151,889 mi.","Tucson, AZ (618 mi.)"
2018 Ford Fiesta SE,"$11,595","83,970 mi.","Nashville, TN (1,029 mi.)"
2018 Ford Fiesta S,"$7,329","95,086 mi.","Fort Myers, FL (1,609 mi.)"
2018 Ford Fiesta SE,"$17,998","3,950 mi.","Tucson, AZ (619 mi.)"
2017 Ford Fiesta SE,"$10,998","76,285 mi.","Savannah, GA (1,433 mi.)"
2013 Ford Fiesta SE,"$4,690","132,843 mi.","Janesville, WI (854 mi.)"
2018 Ford Fiesta SE,"$14,998","37,763 mi.","Fredericksburg, VA (1,473 mi.)"
2016 Ford Fiesta SE,"$6,891","66,112 mi.","Mesa, AZ (582 mi.)"
2019 Ford Fiesta SE,"$12,484","40,534 mi.","Thornton, CO (7 mi.)"
2017 Ford Fiesta ST,"$12,900","86,830 mi.","Edison, NJ (1,608 mi.)"
2019 Ford Fiesta SE,"$13,599","43,157 mi.","Parker, CO (19 mi.)"
2012 Ford Fiesta SE,"$3,899","152,860 mi.","Roselle, IL (892 mi.)"
2019 Ford Fiesta SE,"$14,599","46,071 mi.","Henderson, NV (605 mi.)"
2019 Ford Fiesta SE,"$8,899","81,500 mi.","Winter Park, FL (1,549 mi.)"
2017 Ford Fiesta SE,"$12,599","51,000 mi.","Lithia Springs, GA (1,197 mi.)"
2019 Ford Fiesta SE,"$6,699","129,034 mi.","North Attleborough, MA (1,753 mi.)"
2019 Ford Fiesta SE,"$12,495","119,709 mi.","Taylor, MI (1,142 mi.)"
2015 Ford Fiesta SE,"$12,095","94,564 mi.","Maple Heights, OH (1,231 mi.)"
2016 Ford Fiesta ST,"$10,493","112,033 mi.","Forest Lake, MN (718 mi.)"
2019 Ford Fiesta SE,"$9,895","62,001 mi.","Newington, NH (1,773 mi.)"
2019 Ford Fiesta SE,"$14,595","81,511 mi.","Phoenix, AZ (586 mi.)"
2016 Ford Fiesta SE,"$13,998","10,236 mi.","Tampa, FL (1,516 mi.)"
2012 Ford Fiesta SEL,"$4,999","109,977 mi.","Logan, UT (386 mi.)"
2019 Ford Fiesta SE,"$12,998","81,268 mi.","Woodbridge, VA (1,478 mi.)"
2016 Ford Fiesta SE,"$11,998","56,983 mi.","Irvine, CA (823 mi.)"
2017 Ford Fiesta S,"$5,999","153,635 mi.","Port Angeles, WA (1,079 mi.)"
2018 Ford Fiesta ST,"$9,393","159,492 mi.","Olympia, WA (1,030 mi.)"
2016 Ford Fiesta ST,"$13,980","83,600 mi.","Seattle, WA (1,024 mi.)"
2018 Ford Fiesta SE,"$9,995","62,272 mi.","Dade City, FL (1,516 mi.)"
2014 Ford Fiesta SE,"$10,998","46,399 mi.","Buena Park, CA (827 mi.)"
2017 Ford Fiesta ST 4dr Hatchback,"$11,995","81,982 mi.","Milford, OH (1,102 mi.)"
2016 Ford Fiesta Titanium,"$8,900","81,930 mi.","Kokomo, IN (995 mi.)"
2017 Ford Fiesta ST,"$8,500","121,936 mi.","Indianapolis, IN (1,004 mi.)"
2011 Ford Fiesta SEL,"$5,305","110,276 mi.","West Jordan, UT (373 mi.)"
2015 Ford Fiesta SE,"$9,938","87,105 mi.","Greenwood, IN (1,001 mi.)"
2015 Ford Fiesta ST,"$10,590","103,580 mi.","Plainfield, IN (984 mi.)"
2019 Ford Fiesta SE,"$12,599","55,083 mi.","Orlando, FL (1,555 mi.)"
2019 Ford Fiesta SE,"$11,995","84,803 mi.","Salt Lake City, UT (371 mi.)"
2015 Ford Fiesta ST,"$8,900","114,280 mi.","Butler, MO (585 mi.)"
2017 Ford Fiesta SE,"$6,593","95,073 mi.","Milford, NH (1,732 mi.)"
2015 Ford Fiesta SE,"$6,488","90,165 mi.","Sandy, UT (370 mi.)"
2015 Ford Fiesta S,"$5,500","116,074 mi.","Elkhart, IN (1,000 mi.)"
2015 Ford Fiesta SE,"$13,599","39,970 mi.","Midlothian, VA (1,479 mi.)"
2016 Ford Fiesta SE,"$11,998","57,870 mi.","Houston, TX (893 mi.)"
2017 Ford Fiesta Titanium,"$10,345","40,999 mi.","West Long Branch, NJ (1,630 mi.)"
2018 Ford Fiesta SE,"$10,999","39,689 mi.","Lodi, NJ (1,620 mi.)"
2016 Ford Fiesta SE,"$5,795","115,917 mi.","Crest Hill, IL (890 mi.)"
2017 Ford Fiesta ST,"$11,994","78,619 mi.","Fairfield, OH (1,087 mi.)"
2019 Ford Fiesta SE,"$10,244","68,550 mi.","Bellevue, NE (485 mi.)"
2019 Ford Fiesta SE,"$9,462","73,658 mi.","Hillsboro, OR (997 mi.)"
2017 Ford Fiesta S,"$6,995","82,573 mi.","Louisville, TN (1,175 mi.)"
2019 Ford Fiesta SE,"$14,998","34,449 mi.","Tinley Park, IL (908 mi.)"
2019 Ford Fiesta SE,"$14,898","31,532 mi.","Downers Grove, IL (896 mi.)"
2019 Ford Fiesta SE,"$11,998","67,545 mi.","Milwaukie, OR (976 mi.)"
2016 Ford Fiesta SE,"$10,599","67,934 mi.","Sanford, FL (1,540 mi.)"
2017 Ford Fiesta SE,"$12,998","24,815 mi.","Jacksonville, FL (1,473 mi.)"
2017 Ford Fiesta S,"$13,998","22,885 mi.","Hoover, AL (1,097 mi.)"
2019 Ford Fiesta SE,"$12,491","20,442 mi.","Spokane, WA (821 mi.)"
2018 Ford Fiesta S,"$9,995","21,000 mi.","Staunton, VA (1,389 mi.)"
2014 Ford Fiesta ST 4dr Hatchback,"$8,900","126,783 mi.","Storm Lake, IA (545 mi.)"
2018 Ford Fiesta SE,"$8,270","67,205 mi.","Blackfoot, ID (451 mi.)"
2017 Ford Fiesta SE,"$8,500","70,798 mi.","Kansas City, MO (552 mi.)"
2019 Ford Fiesta SE,"$10,988","75,472 mi.","Zainesville, OH (1,214 mi.)"
2019 Ford Fiesta SE,"$10,000","44,355 mi.","Austin, TX (767 mi.)"
2016 Ford Fiesta ST,"$10,995","99,873 mi.","South Sioux City, NE (482 mi.)"
2016 Ford Fiesta SE,"$6,995","113,577 mi.","Grand Rapids, MI (1,023 mi.)"
2019 Ford Fiesta SE 4dr Hatchback,"$6,950","96,510 mi.","Pensacola, FL (1,185 mi.)"
2016 Ford Fiesta ST,"$15,499","64,868 mi.","Sacramento, CA (883 mi.)"
2015 Ford Fiesta ST,"$9,490","100,808 mi.","Plano, TX (655 mi.)"
2017 Ford Fiesta TITANIUM,"$7,995","123,724 mi.","Baton Rouge, LA (1,015 mi.)"
2017 Ford Fiesta SE,"$7,388","112,740 mi.","Milan, TN (923 mi.)"
2019 Ford Fiesta SE,"$11,577","132,662 mi.","Centralia, MO (684 mi.)"
2019 Ford Fiesta S,"$8,711","64,425 mi.","Marianna, FL (1,270 mi.)"
2013 Ford Fiesta SE,"$6,970","118,091 mi.","Fresno, CA (830 mi.)"
2014 Ford Fiesta SE,"$7,995","51,903 mi.","Des Moines, IA (606 mi.)"
2015 Ford Fiesta SE,"$5,999","159,786 mi.","Benicia, CA (930 mi.)"
2019 Ford Fiesta ST Line,"$5,900","202,926 mi.","Flint, MI (1,121 mi.)"
2015 Ford Fiesta SE,"$9,499","117,527 mi.","Monroe, WI (820 mi.)"
2019 Ford Fiesta SE,"$8,995","85,609 mi.","Ponchatoula, LA (1,041 mi.)"
2019 Ford Fiesta SE,"$9,995","105,546 mi.","Chico, CA (895 mi.)"
2015 Ford Fiesta S,"$4,995","109,850 mi.","Burnsville, MN (688 mi.)"
2015 Ford Fiesta SE 4dr Sedan,"$6,995","143,069 mi.","Muskego, WI (900 mi.)"
2019 Ford Fiesta SE 4dr Sedan,"$8,450","88,611 mi.","Columbus, GA (1,222 mi.)"
2016 Ford Fiesta SE,"$8,499","85,754 mi.","Kennedale, TX (653 mi.)"
2017 Ford Fiesta SE,"$8,395","104,215 mi.","Dagsboro, DE (1,588 mi.)"
2017 Ford Fiesta SE,"$6,800","125,620 mi.","West Lafayette, IN (951 mi.)"
2017 Ford Fiesta ST,"$13,499","109,769 mi.","Rio Rancho, NM (326 mi.)"
2015 Ford Fiesta SE,"$7,499","80,683 mi.","Freer, TX (898 mi.)"
2012 Ford Fiesta SES,"$5,999","100,943 mi.","North Chesterfield, VA (1,480 mi.)"
2017 Ford Fiesta ST,"$11,395","74,974 mi.","Addison, TX (652 mi.)"
2019 Ford Fiesta SE,"$9,950","77,000 mi.","Little Rock, AR (774 mi.)"
2019 Ford Fiesta SE,"$10,995","71,063 mi.","Nanticoke, PA (1,518 mi.)"
2015 Ford Fiesta SE,"$6,495","117,195 mi.","Highland Springs, VA (1,494 mi.)"
2014 Ford Fiesta SE 4dr Sedan,"$6,900","130,508 mi.","Cedar Creek, TX (790 mi.)"
2019 Ford Fiesta S,"$10,593","45,874 mi.","Colorado Springs, CO (65 mi.)"
2017 Ford Fiesta SE,"$6,999","132,878 mi.","Nampa, ID (654 mi.)"
2012 Ford Fiesta SE,"$5,200","112,620 mi.","Martinsville, VA (1,379 mi.)"
2019 Ford Fiesta SE,"$10,499","63,115 mi.","Culver City, CA (841 mi.)"
2013 Ford Fiesta SE,"$5,799","98,774 mi.","Edmonds, WA (1,026 mi.)"
2012 Ford Fiesta S,"$4,500","183,000 mi.","Morris, IL (874 mi.)"
2019 Ford Fiesta ST,"$11,900","148,002 mi.","Madras, OR (892 mi.)"
2014 Ford Fiesta Titanium,"$3,900","134,898 mi.","Puyallup, WA (1,007 mi.)"
2019 Ford Fiesta SE,"$7,999","95,491 mi.","Crossville, TN (1,115 mi.)"
2015 Ford Fiesta ST,"$6,495","203,306 mi.","St. Louis, MO (785 mi.)"
2019 Ford Fiesta ST Line,"$9,500","96,552 mi.","Stone Mountain, GA (1,222 mi.)"
2018 Ford Fiesta SE,"$6,750","80,029 mi.","Las Vegas, NV (610 mi.)"
2017 Ford Fiesta Titanium,"$11,985","49,177 mi.","Huber Heights, OH (1,103 mi.)"
2016 Ford Fiesta SE,"$5,495","122,619 mi.","Gastonia, NC (1,340 mi.)"
2015 Ford Fiesta SE,"$9,988","76,560 mi.","Hayesville, NC (1,202 mi.)"
2013 Ford Fiesta SE,"$9,999","55,754 mi.","Grandview, MO (561 mi.)"
2015 Ford Fiesta SE,"$6,995","129,266 mi.","Omaha, NE (481 mi.)"
2014 Ford Fiesta SE,"$5,375","113,324 mi.","Dexter, MI (1,109 mi.)"
2018 Ford Fiesta SE,"$4,800","118,088 mi.","Orem, UT (359 mi.)"
2019 Ford Fiesta SE,"$8,793","42,579 mi.","Tucson, AZ (618 mi.)"
2016 Ford Fiesta SE,"$12,999","52,409 mi.","St George, UT (501 mi.)"
2011 Ford Fiesta SE,"$7,749","53,785 mi.","Asheboro, NC (1,400 mi.)"
2014 Ford Fiesta SE,"$7,499","84,350 mi.","Hillsboro, OH (1,136 mi.)"
2019 Ford Fiesta ST Line,"$7,500","129,397 mi.","Orlando, FL (1,550 mi.)"
2013 Ford Fiesta SE,"$6,450","162,523 mi.","Spring Hill, KS (547 mi.)"
2014 Ford Fiesta SE,"$3,000","150,830 mi.","Dudley, NC (1,503 mi.)"
2016 Ford Fiesta SE,"$9,295","51,603 mi.","Shohola, PA (1,573 mi.)"
2014 Ford Fiesta SE,"$7,497","83,153 mi.","St. Louis Park, MN (693 mi.)"
2019 Ford Fiesta SE,"$10,500","62,980 mi.","Tappahannock, VA (1,511 mi.)"
2013 Ford Fiesta SE,"$2,900","154,378 mi.","Lancaster, SC (1,371 mi.)"
2019 Ford Fiesta SE,"$8,495","102,944 mi.","Sunland, CA (828 mi.)"
2013 Ford Fiesta SE,"$7,995","83,593 mi.","Anderson, IN (1,021 mi.)"
2011 Ford Fiesta SE,"$7,999","77,619 mi.","Portland, OR (986 mi.)"
2016 Ford Fiesta SE,"$5,995","87,368 mi.","Clearwater, FL (1,505 mi.)"
2015 Ford Fiesta SE,"$5,999","86,912 mi.","West Babylon, NY (1,661 mi.)"
2017 Ford Fiesta ST,"$11,500","73,682 mi.","Mebane, NC (1,421 mi.)"
2013 Ford Fiesta SE,"$6,995","117,683 mi.","Des Moines, IA (612 mi.)"
2013 Ford Fiesta Titanium,"$6,998","75,830 mi.","Midlothian, IL (911 mi.)"
2018 Ford Fiesta SE,"$8,250","81,197 mi.","League City, TX (903 mi.)"
2018 Ford Fiesta SE,"$8,999","41,713 mi.","Omaha, NE (481 mi.)"
2014 Ford Fiesta ST,"$12,995","86,461 mi.","Everett, WA (1,026 mi.)"
2015 Ford Fiesta S,"$6,997","81,267 mi.","Banning, CA (773 mi.)"
2017 Ford Fiesta SE,"$6,926","126,441 mi.","Bremerton, WA (1,034 mi.)"
2017 Ford Fiesta SE,"$7,595","120,667 mi.","Los Angeles, CA (829 mi.)"
2019 Ford Fiesta SE,"$5,999","89,412 mi.","Fredericksburg, VA (1,473 mi.)"
2013 Ford Fiesta S,"$9,875","59,253 mi.","Kingsville, MD (1,514 mi.)"
2018 Ford Fiesta SE,"$6,995","74,300 mi.","Portsmouth, VA (1,559 mi.)"
2019 Ford Fiesta SE,"$6,495","117,589 mi.","Orange Park, FL (1,467 mi.)"
2017 Ford Fiesta ST,"$12,950","64,839 mi.","Phoenix, AZ (581 mi.)"
2015 Ford Fiesta SE,"$6,500","125,874 mi.","Troy, MO (751 mi.)"
2019 Ford Fiesta SE,"$8,995","54,445 mi.","Elgin, IL (885 mi.)"
2016 Ford Fiesta SE,"$5,995","97,766 mi.","Lakeside, CA (818 mi.)"
2016 Ford Fiesta SE,"$6,995","92,874 mi.","Portland, OR (978 mi.)"
2019 Ford Fiesta SE,"$6,999","107,399 mi.","West Chester, OH (1,095 mi.)"
2019 Ford Fiesta SE,"$8,999","88,471 mi.","O'Fallon, MO (765 mi.)"
2018 Ford Fiesta SE,"$6,350","104,240 mi.","Spotsylvania Courthouse, VA (1,474 mi.)"
2015 Ford Fiesta SE,"$5,650","114,395 mi.","HOUSTON, TX (877 mi.)"
2015 Ford Fiesta SE,"$5,800","126,092 mi.","Marion, NC (1,281 mi.)"
2014 Ford Fiesta SE,"$5,552","146,564 mi.","Conway, SC (1,489 mi.)"
2017 Ford Fiesta Titanium,"$7,900","94,287 mi.","Fairfield, OH (1,086 mi.)"
2017 Ford Fiesta SE,"$9,000","70,502 mi.","Shrewsbury, MA (1,731 mi.)"
2019 Ford Fiesta S,"$8,899","41,848 mi.","Roseville, CA (876 mi.)"
2019 Ford Fiesta SE,"$5,499","113,323 mi.","King George, VA (1,482 mi.)"
2019 Ford Fiesta ST,"$8,388","135,800 mi.","Yakima, WA (912 mi.)"
2015 Ford Fiesta SE,"$5,990","104,991 mi.","Conway, SC (1,488 mi.)"
2019 Ford Fiesta SE,"$12,995","76,440 mi.","Greensburg, IN (1,037 mi.)"
2011 Ford Fiesta SES,"$5,545","153,974 mi.","Emmaus, PA (1,551 mi.)"
2016 Ford Fiesta SE,"$3,995","133,000 mi.","Salt Lake City, UT (371 mi.)"
2015 Ford Fiesta SE,"$4,777","160,568 mi.","Stafford, VA (1,474 mi.)"
2019 Ford Fiesta SE,"$8,795","81,662 mi.","Boise, ID (643 mi.)"
2014 Ford Fiesta SE,"$5,999","112,614 mi.","Woodland, CA (902 mi.)"
2017 Ford Fiesta SE,"$6,999","103,213 mi.","Kingsport, TN (1,235 mi.)"
2019 Ford Fiesta SE,"$7,290","97,646 mi.","Lexington, SC (1,368 mi.)"
2013 Ford Fiesta SE 4dr Sedan,"$7,999","60,000 mi.","Pittsburgh, PA (1,312 mi.)"
2015 Ford Fiesta SE,"$6,777","82,553 mi.","Colorado Springs, CO (66 mi.)"
2015 Ford Fiesta SE,"$5,999","104,612 mi.","Southfield, MI (1,141 mi.)"
2019 Ford Fiesta ST Line,"$10,977","71,456 mi.","Triangle, VA (1,477 mi.)"
2015 Ford Fiesta SE,"$8,795","76,516 mi.","Kingston, NY (1,615 mi.)"
2015 Ford Fiesta S,"$4,995","116,583 mi.","Bradley, IL (904 mi.)"
2019 Ford Fiesta SE,"$9,999","50,625 mi.","West Chicago, IL (916 mi.)"
2019 Ford Fiesta SE,"$8,499","62,512 mi.","Montclair, CA (805 mi.)"
2014 Ford Fiesta Titanium,"$8,649","85,418 mi.","Thousand Oaks, CA (860 mi.)"
2018 Ford Fiesta SE,"$6,942","94,789 mi.","Chicago, IL (913 mi.)"
2013 Ford Fiesta Titanium,"$7,995","87,745 mi.","Waterloo, IA (680 mi.)"
2016 Ford Fiesta SE,"$2,000","172,233 mi.","Fort Lauderdale, FL (1,712 mi.)"
2018 Ford Fiesta SE Sedan,"$6,988","101,000 mi.","Glendale, AZ (586 mi.)"
2018 Ford Fiesta ST,"$9,495","133,242 mi.","Stafford, VA (1,476 mi.)"
2018 Ford Fiesta SE,"$7,485","98,985 mi.","Belleville, IL (807 mi.)"
2014 Ford Fiesta SE,"$8,993","76,372 mi.","Cincinnati, OH (1,090 mi.)"
2013 Ford Fiesta SE,"$4,490","107,000 mi.","Chesapeake, VA (1,564 mi.)"
2017 Ford Fiesta ST,"$19,999","26,389 mi.","South Salt Lake, UT (372 mi.)"
2019 Ford Fiesta SE,"$6,980","95,656 mi.","Villa Park, IL (899 mi.)"
2016 Ford Fiesta ST,"$10,000","82,397 mi.","Sarasota, FL (1,545 mi.)"
2019 Ford Fiesta S,"$9,995","53,797 mi.","Avon, MA (1,767 mi.)"
2011 Ford Fiesta SEL,"$4,490","144,738 mi.","Ann Arbor, MI (1,114 mi.)"
2019 Ford Fiesta SE,"$8,499","94,205 mi.","Fort Wayne, IN (1,043 mi.)"
2019 Ford Fiesta SE,"$6,500","100,797 mi.","Fort Myers, FL (1,615 mi.)"
2015 Ford Fiesta SE,"$12,998","56,996 mi.","Glen Allen, VA (1,478 mi.)"
2019 Ford Fiesta S,"$13,195","91,814 mi.","Phoenix, AZ (586 mi.)"
2017 Ford Fiesta Titanium,"$8,491","75,344 mi.","Mesa, AZ (582 mi.)"
2018 Ford Fiesta SE,"$13,998","29,911 mi.","Tampa, FL (1,516 mi.)"
2019 Ford Fiesta SE,"$11,998","106,493 mi.","Tinley Park, IL (908 mi.)"
2016 Ford Fiesta SE,"$5,995","111,444 mi.","Sandy, UT (370 mi.)"
2014 Ford Fiesta S,"$5,900","103,327 mi.","Orlando, FL (1,546 mi.)"
2013 Ford Fiesta S,"$5,891","80,139 mi.","Houston, TX (865 mi.)"
2019 Ford Fiesta SE,"$11,998","95,975 mi.","Fort Worth, TX (650 mi.)"
2017 Ford Fiesta SE,"$6,600","111,121 mi.","Rochester, MN (706 mi.)"
2016 Ford Fiesta SE,"$5,000","146,626 mi.","Virginia beach, VA (1,576 mi.)"
2015 Ford Fiesta SE,"$4,995","105,532 mi.","Falls Church, VA (1,481 mi.)"
2013 Ford Fiesta SE,"$6,999","78,263 mi.","Frankfort, IN (976 mi.)"
2016 Ford Fiesta S,"$8,995","37,817 mi.","Portland, OR (981 mi.)"
2016 Ford Fiesta ST,"$15,998","89,126 mi.","Woodbridge, VA (1,478 mi.)"
2016 Ford Fiesta SE,"$11,599","75,325 mi.","Fayetteville, NC (1,458 mi.)"
2015 Ford Fiesta SE,"$9,998","119,849 mi.","St. Peters, MO (770 mi.)"
2013 Ford Fiesta SE,"$6,975","61,261 mi.","Arlington, TX (652 mi.)"
2014 Ford Fiesta S,"$7,995","67,924 mi.","Des Moines, IA (606 mi.)"
2016 Ford Fiesta ST,"$8,888","118,254 mi.","Summerville, SC (1,453 mi.)"
2016 Ford Fiesta SE,"$7,990","85,565 mi.","Memphis, TN (884 mi.)"
2015 Ford Fiesta SE,"$5,998","81,099 mi.","Fort Wayne, IN (1,044 mi.)"
2011 Ford Fiesta SE,"$5,450","109,072 mi.","Binghamton, NY (1,519 mi.)"
2019 Ford Fiesta ST,"$12,996","77,780 mi.","Carrollton, TX (652 mi.)"
2015 Ford Fiesta SE,"$3,300","193,431 mi.","Tremont, IL (818 mi.)"
2015 Ford Fiesta SE,"$8,990","63,983 mi.","Granbury, TX (646 mi.)"
2019 Ford Fiesta SE,"$6,500","95,826 mi.","Dallas, TX (655 mi.)"
2015 Ford Fiesta SE,"$5,793","137,521 mi.","Toledo, OH (1,120 mi.)"
2013 Ford Fiesta SE,"$7,475","64,662 mi.","Arlington, TX (652 mi.)"
2014 Ford Fiesta SE,"$5,995","82,425 mi.","Rochester, NY (1,429 mi.)"
2019 Ford Fiesta SE,"$5,399","96,762 mi.","Margate, FL (1,703 mi.)"
2018 Ford Fiesta ST,"$10,799","101,029 mi.","Roanoke, IN (1,035 mi.)"
2016 Ford Fiesta S,"$5,100","101,359 mi.","Lewisville, TX (642 mi.)"
2016 Ford Fiesta SE,"$8,499","45,125 mi.","Waterbury, CT (1,671 mi.)"
2019 Ford Fiesta SE,"$7,800","69,745 mi.","Arlington, TX (652 mi.)"
2015 Ford Fiesta SE,"$5,995","76,199 mi.","Buda, TX (783 mi.)"
2018 Ford Fiesta SE,"$6,875","104,352 mi.","Arlington, TX (652 mi.)"
2015 Ford Fiesta SE,"$6,475","100,027 mi.","Arlington, TX (652 mi.)"
2019 Ford Fiesta SE,"$8,998","85,154 mi.","Arlington, TX (652 mi.)"
2019 Ford Fiesta SE,"$9,965","59,970 mi.","Gettysburg, PA (1,469 mi.)"
2013 Ford Fiesta SE,"$7,975","85,950 mi.","Indianapolis, IN (1,000 mi.)"
2019 Ford Fiesta SE,"$7,900","83,205 mi.","Oklahoma City, OK (499 mi.)"
2017 Ford Fiesta SE,"$7,799","82,862 mi.","Jefferson, WI (865 mi.)"
2016 Ford Fiesta SE,"$6,999","79,264 mi.","Dallas, TX (654 mi.)"
2014 Ford Fiesta SE,"$4,995","132,000 mi.","Brewerton, NY (1,504 mi.)"
2016 Ford Fiesta S,"$5,500","131,191 mi.","West Lafayette, IN (951 mi.)"
2019 Ford Fiesta SE Sedan,"$10,985","47,471 mi.","Deer Park, WA (840 mi.)"
2013 Ford Fiesta SE,"$8,488","22,666 mi.","Farmington Hills, MI (1,134 mi.)"
2018 Ford Fiesta SE,"$7,500","95,611 mi.","West Lafayette, IN (951 mi.)"
2015 Ford Fiesta SE,"$6,499","87,934 mi.","Arlington, TX (1,489 mi.)"
2015 Ford Fiesta SE,"$4,900","135,640 mi.","Lewisville, TX (642 mi.)"
2019 Ford Fiesta SE,"$10,995","52,420 mi.","Syracuse, NY (1,505 mi.)"
2017 Ford Fiesta S,"$6,995","81,609 mi.","MARIETTA, GA (1,196 mi.)"
2019 Ford Fiesta S,"$5,999","72,130 mi.","Athens, GA (1,259 mi.)"
2013 Ford Fiesta S,"$4,999","102,225 mi.","Dallas, TX (654 mi.)"
2019 Ford Fiesta SE,"$6,400","94,000 mi.","Marietta, GA (1,196 mi.)"
2017 Ford Fiesta SE,"$5,200","123,692 mi.","Lewisville, TX (642 mi.)"
2019 Ford Fiesta SE,"$4,990","120,233 mi.","Decatur, GA (1,215 mi.)"
2015 Ford Fiesta SE,"$4,600","114,643 mi.","Marietta, GA (1,196 mi.)"
2013 Ford Fiesta SE,"$7,995","59,000 mi.","Brewerton, NY (1,504 mi.)"
2013 Ford Fiesta SE,"$6,995","69,533 mi.","Des Moines, IA (606 mi.)"
2017 Ford Fiesta S,"$6,491","86,247 mi.","Indianapolis, IN (999 mi.)"
2018 Ford Fiesta SE,"$9,950","51,871 mi.","Addison, TX (652 mi.)"
2015 Ford Fiesta SE,"$8,989","81,892 mi.","Deer Park, WA (840 mi.)"
2019 Ford Fiesta ST,"$12,998","64,858 mi.","Oklahoma City, OK (498 mi.)"
2018 Ford Fiesta SE,"$7,900","83,517 mi.","Austin, TX (761 mi.)"
2017 Ford Fiesta SE,"$5,999","67,524 mi.","Dallas, TX (654 mi.)"
2015 Ford Fiesta S,"$10,996","7,896 mi.","Aurora, MO (639 mi.)"
2018 Ford Fiesta S,"$6,995","117,747 mi.","Des Moines, IA (606 mi.)"
2012 Ford Fiesta SE,"$5,495","118,453 mi.","Green Bay, WI (922 mi.)"
2011 Ford Fiesta S,"$5,811","67,715 mi.","Chantilly, VA (1,465 mi.)"
2019 Ford Fiesta SE,"$9,300","67,008 mi.","Columbus, OH (1,157 mi.)"
2013 Ford Fiesta SE,"$6,990","38,191 mi.","Graham, NC (1,413 mi.)"
2012 Ford Fiesta SES,"$5,995","76,815 mi.","Des Moines, IA (604 mi.)"
2019 Ford Fiesta SE,"$8,990","78,032 mi.","Lakewood, CO (7 mi.)"
2011 Ford Fiesta SE,"$4,794","96,828 mi.","Stafford, VA (1,476 mi.)"
2015 Ford Fiesta SE,"$8,400","31,317 mi.","Brighton, MI (1,115 mi.)"
2012 Ford Fiesta SE,"$5,389","123,062 mi.","Temecula, CA (801 mi.)"
2017 Ford Fiesta SE,"$6,500","108,362 mi.","Des Moines, IA (606 mi.)"
2012 Ford Fiesta SE 4dr Sedan,"$3,795","135,295 mi.","Marietta, GA (1,196 mi.)"
2017 Ford Fiesta SE,"$6,995","104,718 mi.","Des Moines, IA (606 mi.)"
2017 Ford Fiesta SE,"$8,000","79,609 mi.","Scottsburg, IN (1,027 mi.)"
2015 Ford Fiesta SE,"$3,999","123,679 mi.","Everett, WA (1,026 mi.)"
2019 Ford Fiesta SE,"$8,626","78,437 mi.","Hillsdale, MI (1,070 mi.)"
2019 Ford Fiesta ST Line,"$8,995","96,017 mi.","Longmont, CO (28 mi.)"
2019 Ford Fiesta SE,"$8,994","63,884 mi.","Colorado Springs, CO (65 mi.)"
2018 Ford Fiesta S,"$8,995","71,689 mi.","Des Moines, IA (606 mi.)"
2019 Ford Fiesta SE,"$8,600","78,515 mi.","Indianapolis, IN (1,000 mi.)"
2014 Ford Fiesta ST,"$5,995","148,000 mi.","Willoughby, OH (1,236 mi.)"
2016 Ford Fiesta SE,"$8,499","71,875 mi.","North Attleborough, MA (1,753 mi.)"
2015 Ford Fiesta SE,"$7,452","56,715 mi.","Orlando, FL (1,546 mi.)"
2012 Ford Fiesta S,"$4,977","80,295 mi.","Colorado Springs, CO (66 mi.)"
2019 Ford Fiesta SE,"$8,525","50,534 mi.","Cincinnati, OH (1,091 mi.)"
2012 Ford Fiesta SE,"$4,495","140,992 mi.","Rockville, MD (1,483 mi.)"
2015 Ford Fiesta SE,"$5,999","51,119 mi.","Spring Hill, FL (1,491 mi.)"
2019 Ford Fiesta SE,"$12,888","54,196 mi.","Kent, OH (1,240 mi.)"
2018 Ford Fiesta SE,"$9,495","74,200 mi.","Omaha, NE (480 mi.)"
2013 Ford Fiesta SE,"$4,495","130,414 mi.","Irvington, NJ (1,615 mi.)"
2011 Ford Fiesta SE,"$5,498","87,941 mi.","Fort Pierce, FL (1,648 mi.)"
2019 Ford Fiesta SE,"$4,999","119,509 mi.","Bristol, PA (1,588 mi.)"
2018 Ford Fiesta SE,"$7,696","58,572 mi.","West Palm Beach, FL (1,690 mi.)"
2016 Ford Fiesta SE,"$7,995","57,301 mi.","Des Moines, IA (606 mi.)"
2019 Ford Fiesta SE,"$11,251","37,888 mi.","Oxnard, CA (871 mi.)"
2015 Ford Fiesta SE,"$7,495","52,914 mi.","Avon, MA (1,767 mi.)"
2013 Ford Fiesta SE 4dr Sedan,"$3,950","209,211 mi.","Kansas City, KS (542 mi.)"
2014 Ford Fiesta SE,"$4,999","95,458 mi.","Bourbonnais, IL (904 mi.)"
2017 Ford Fiesta SE,"$8,995","62,404 mi.","Des Moines, IA (610 mi.)"
2019 Ford Fiesta ST,"$8,495","144,123 mi.","Des Moines, IA (610 mi.)"
2015 Ford Fiesta SE,"$6,195","107,413 mi.","Santa Ana, CA (827 mi.)"
2018 Ford Fiesta ST,"$11,995","65,782 mi.","Des Moines, IA (610 mi.)"
2012 Ford Fiesta SE,"$4,955","107,148 mi.","Akron, OH (1,235 mi.)"
2018 Ford Fiesta SE,"$9,995","58,094 mi.","Pueblo, CO (102 mi.)"
2019 Ford Fiesta S,"$9,444","60,471 mi.","Burien, WA (1,016 mi.)"
2016 Ford Fiesta SE,"$7,400","84,723 mi.","Avon, MA (1,767 mi.)"
2019 Ford Fiesta SE,"$10,285","19,801 mi.","Tampa, FL (1,527 mi.)"
2017 Ford Fiesta SE,"$7,991","94,025 mi.","WAITE PARK, MN (676 mi.)"
2018 Ford Fiesta SE,"$7,698","51,448 mi.","Sebring, FL (1,588 mi.)"
2017 Ford Fiesta SE,"$7,995","77,219 mi.","Crestwood, KY (1,049 mi.)"
2018 Ford Fiesta ST,"$12,344","115,227 mi.","Bloomfield Hills, MI (1,140 mi.)"
2015 Ford Fiesta SE,"$5,990","102,834 mi.","Indianapolis, IN (999 mi.)"
2016 Ford Fiesta SE,"$6,995","73,334 mi.","North Olmsted, OH (1,211 mi.)"
2015 Ford Fiesta SE,"$6,999","98,838 mi.","Norton, OH (1,229 mi.)"
2012 Ford Fiesta S,"$4,990","51,165 mi.","Cleveland, OH (1,230 mi.)"
2016 Ford Fiesta S,"$5,500","93,300 mi.","Lewis Center, OH (1,161 mi.)"
2014 Ford Fiesta ST,"$7,990","89,326 mi.","Cleveland, OH (1,230 mi.)"
2015 Ford Fiesta SE,"$5,440","121,458 mi.","Inverness, FL (1,489 mi.)"
2013 Ford Fiesta SE,"$4,198","129,317 mi.","Woodhaven, MI (1,144 mi.)"
2019 Ford Fiesta SE,"$6,500","91,857 mi.","Saint Charles, MO (775 mi.)"
2012 Ford Fiesta S,"$3,499","110,062 mi.","Merrillville, IN (928 mi.)"
2019 Ford Fiesta SE,"$7,995","113,075 mi.","Roy, WA (1,011 mi.)"
2013 Ford Fiesta SE,"$5,995","132,264 mi.","Roy, WA (1,011 mi.)"
2017 Ford Fiesta S,"$5,720","62,854 mi.","Stafford, VA (1,476 mi.)"
2013 Ford Fiesta S 4dr Sedan,"$3,950","186,779 mi.","Kansas City, KS (542 mi.)"
2017 Ford Fiesta ST,"$8,990","107,466 mi.","Tucson, AZ (618 mi.)"
2013 Ford Fiesta S 4dr Sedan,"$5,000","70,093 mi.","Largo, FL (1,507 mi.)"
2014 Ford Fiesta S,"$5,999","64,000 mi.","Houston, TX (882 mi.)"
2015 Ford Fiesta SE 4dr Sedan,"$4,999","136,258 mi.","Bordentown, NJ (1,596 mi.)"
2019 Ford Fiesta SE,"$8,994","42,792 mi.","Hialeah, FL (1,713 mi.)"
2017 Ford Fiesta S,"$7,799","81,592 mi.","Lee's Summit, MO (570 mi.)"
2016 Ford Fiesta S,"$6,299","121,810 mi.","Philadelphia, PA (1,571 mi.)"
2016 Ford Fiesta S,"$8,000","66,377 mi.","Houston, TX (900 mi.)"
2017 Ford Fiesta SE,"$7,995","72,272 mi.","Clearwater, FL (1,505 mi.)"
2016 Ford Fiesta SE,"$6,987","60,509 mi.","Manchester, NH (1,741 mi.)"
2014 Ford Fiesta Titanium Hatchback,"$5,988","117,000 mi.","Glendale, AZ (586 mi.)"
2016 Ford Fiesta S,"$8,895","66,720 mi.","Shohola, PA (1,573 mi.)"
2013 Ford Fiesta SE,"$7,777","58,700 mi.","Phoenix, AZ (576 mi.)"
2015 Ford Fiesta SE,"$7,995","106,000 mi.","Concord, NH (1,737 mi.)"
2012 Ford Fiesta 5dr HB SE,"$3,995","103,020 mi.","Phoenix, AZ (581 mi.)"
2011 Ford Fiesta S,"$4,999","47,789 mi.","Worcester, MA (1,730 mi.)"
2019 Ford Fiesta SE,"$3,899","133,628 mi.","Paterson, NJ (1,616 mi.)"
2017 Ford Fiesta Titanium,"$6,975","93,345 mi.","Monroe, NC (1,372 mi.)"
2018 Ford Fiesta ST,"$12,299","76,082 mi.","Mountain Lakes, NJ (1,601 mi.)"
2018 Ford Fiesta ST,"$12,599","96,781 mi.","Woodridge, NJ (1,620 mi.)"
2011 Ford Fiesta SE,"$4,499","155,137 mi.","Ames, IA (613 mi.)"
2017 Ford Fiesta SE,"$5,997","123,373 mi.","Tacoma, WA (1,015 mi.)"
2017 Ford Fiesta Titanium,"$15,998","46,105 mi.","Merriam, KS (551 mi.)"
2011 Ford Fiesta SE 4dr Sedan,"$1,200","156,544 mi.","Pompano Beach, FL (1,706 mi.)"
2013 Ford Fiesta SE,"$5,995","124,000 mi.","Concord, NH (1,737 mi.)"
2019 Ford Fiesta SE,"$9,995","77,317 mi.","Harriman, TN (1,142 mi.)"
2013 Ford Fiesta SE,"$6,988","47,045 mi.","Keyport, NJ (1,617 mi.)"
2019 Ford Fiesta SE,"$6,750","91,656 mi.","Houston, TX (876 mi.)"
2014 Ford Fiesta ST,"$5,500","177,292 mi.","Orlando, FL (1,550 mi.)"
2017 Ford Fiesta SE,"$6,475","63,856 mi.","Shelby, NC (1,316 mi.)"
2015 Ford Fiesta Titanium,"$7,995","65,426 mi.","Des Moines, IA (604 mi.)"
2015 Ford Fiesta S,"$3,750","169,843 mi.","Kansas City, MO (554 mi.)"
2019 Ford Fiesta ST 4dr Hatchback,"$15,988","55,001 mi.","St Charles, IL (885 mi.)"
2013 Ford Fiesta SE,"$6,999","64,228 mi.","Whitman, MA (1,771 mi.)"
2017 Ford Fiesta SE,"$9,950","34,804 mi.","Columbus, OH (1,166 mi.)"
2011 Ford Fiesta SES,"$8,997","45,984 mi.","Minneapolis, MN (702 mi.)"
2014 Ford Fiesta SE,"$5,998","63,590 mi.","Tampa, FL (1,513 mi.)"
2015 Ford Fiesta SE,"$6,890","96,627 mi.","Houston, TX (891 mi.)"
2014 Ford Fiesta S 4dr Sedan,"$4,995","111,287 mi.","Pasadena, TX (891 mi.)"
2016 Ford Fiesta ST,"$10,990","81,986 mi.","Knoxville, TN (1,173 mi.)"
2019 Ford Fiesta SE,"$7,777","78,525 mi.","Colorado Springs, CO (66 mi.)"
2013 Ford Fiesta SE,"$2,999","80,984 mi.","Pompano Beach, FL (1,708 mi.)"
2014 Ford Fiesta SE,"$3,995","130,090 mi.","Falls Church, VA (1,481 mi.)"
2014 Ford Fiesta Titanium,"$7,995","67,192 mi.","Buena Park, CA (828 mi.)"
2014 Ford Fiesta Titanium,"$4,995","139,550 mi.","Los Angeles, CA (829 mi.)"
2013 Ford Fiesta S,"$4,995","84,639 mi.","New Castle, PA (1,296 mi.)"
2019 Ford Fiesta SE,"$6,895","133,247 mi.","Gastonia, NC (1,340 mi.)"
2015 Ford Fiesta ST,"$5,865","104,866 mi.","Hawthorne, CA (842 mi.)"
2019 Ford Fiesta SE,"$9,999","51,626 mi.","Fontana, CA (794 mi.)"
2019 Ford Fiesta SE,"$8,599","63,794 mi.","Norco, CA (805 mi.)"
2014 Ford Fiesta Titanium,"$8,999","72,839 mi.","Montclair, CA (805 mi.)"
2017 Ford Fiesta S,"$4,995","144,000 mi.","Vancouver, WA (985 mi.)"
2017 Ford Fiesta SE,"$4,953","138,021 mi.","Brighton, MI (1,115 mi.)"
2017 Ford Fiesta ST,"$11,999","49,112 mi.","Lakewood, WA (1,014 mi.)"
2017 Ford Fiesta SE,"$5,995","135,799 mi.","St. Louis, MO (794 mi.)"
2019 Ford Fiesta S,"$9,994","39,006 mi.","Sanford, NC (1,436 mi.)"
2014 Ford Fiesta S,"$10,998","84,259 mi.","Raleigh, NC (1,451 mi.)"
2017 Ford Fiesta ST,"$6,999","136,976 mi.","Dumfries, VA (1,478 mi.)"
2019 Ford Fiesta SE,"$6,891","117,061 mi.","Mesa, AZ (582 mi.)"
2018 Ford Fiesta SE,"$6,995","64,857 mi.","Philadelphia, PA (1,579 mi.)"
2016 Ford Fiesta S,"$5,495","91,817 mi.","Los Angeles, CA (841 mi.)"
2016 Ford Fiesta ST,"$8,995","96,331 mi.","Norco, CA (804 mi.)"
2011 Ford Fiesta SEL,"$6,595","106,448 mi.","Dagsboro, DE (1,588 mi.)"
2015 Ford Fiesta S,"$5,697","120,090 mi.","Charoltte, NC (1,364 mi.)"
2019 Ford Fiesta S,"$5,975","81,763 mi.","Shelby, NC (1,316 mi.)"
2014 Ford Fiesta SE,"$6,400","69,160 mi.","Durham, NC (1,445 mi.)"
2019 Ford Fiesta SE,"$9,995","89,787 mi.","Independence, MO (564 mi.)"
2017 Ford Fiesta ST,"$11,799","60,455 mi.","Fontana, CA (794 mi.)"
2015 Ford Fiesta SE,"$5,995","108,903 mi.","Kansas City, MO (554 mi.)"
2019 Ford Fiesta SE,"$8,499","70,729 mi.","West Chicago, IL (916 mi.)"
2019 Ford Fiesta SE,"$8,399","71,627 mi.","West Chicago, IL (916 mi.)"
2018 Ford Fiesta SE,"$10,499","30,200 mi.","West Chicago, IL (916 mi.)"
2019 Ford Fiesta SE,"$9,499","58,341 mi.","West Chicago, IL (916 mi.)"
2015 Ford Fiesta SE,"$7,995","61,085 mi.","Des Moines, IA (606 mi.)"
2013 Ford Fiesta SE,"$3,995","174,619 mi.","Kirby, TX (803 mi.)"
2014 Ford Fiesta SE,"$5,802","92,300 mi.","Indianapolis, IN (998 mi.)"
2016 Ford Fiesta SE,"$5,488","141,891 mi.","Cuyahoga Falls, OH (1,234 mi.)"
2011 Ford Fiesta SES,"$5,951","127,000 mi.","Sioux Falls, SD (496 mi.)"
2015 Ford Fiesta SE,"$4,996","123,930 mi.","Kirby, TX (803 mi.)"
2013 Ford Fiesta SE,"$4,500","107,451 mi.","Fredericksburg, VA (1,473 mi.)"
2019 Ford Fiesta S,"$4,299","108,998 mi.","Nashville, TN (1,023 mi.)"
2018 Ford Fiesta S,"$8,488","77,699 mi.","Muncie, IN (1,033 mi.)"
2018 Ford Fiesta SE,"$8,895","40,041 mi.","Zionsville, IN (992 mi.)"
2015 Ford Fiesta S,"$3,500","155,700 mi.","Indianapolis, IN (1,004 mi.)"
2017 Ford Fiesta SE,"$6,000","113,453 mi.","Indianapolis, IN (998 mi.)"
2017 Ford Fiesta SE,"$9,998","54,199 mi.","Raleigh, NC (1,459 mi.)"
2017 Ford Fiesta SE,"$6,999","151,580 mi.","Winchester, VA (1,424 mi.)"
2019 Ford Fiesta SE,"$6,999","88,426 mi.","Chantilly, VA (1,465 mi.)"
2018 Ford Fiesta SE,"$8,995","70,500 mi.","Fairfax, VA (1,478 mi.)"
2015 Ford Fiesta S,"$6,950","91,378 mi.","Gaithersburg, MD (1,478 mi.)"
2019 Ford Fiesta SE,"$5,981","102,410 mi.","Arlington, VA (1,485 mi.)"
2014 Ford Fiesta SE,"$7,544","82,796 mi.","Banning, CA (773 mi.)"
2015 Ford Fiesta ST,"$8,300","108,857 mi.","Chantilly, VA (1,465 mi.)"
2012 Ford Fiesta SE,"$3,500","132,605 mi.","Paris, KY (1,115 mi.)"
2013 Ford Fiesta SE,"$5,500","66,868 mi.","Fredericksburg, VA (1,473 mi.)"
2014 Ford Fiesta SE,"$4,969","121,655 mi.","Nashville, TN (1,021 mi.)"
2014 Ford Fiesta ST 4dr Hatchback,"$7,900","102,169 mi.","Largo, FL (1,507 mi.)"
2019 Ford Fiesta S,"$4,695","117,236 mi.","Moraine, OH (1,100 mi.)"
2019 Ford Fiesta SE,"$10,399","47,348 mi.","Grandview, MO (561 mi.)"
2018 Ford Fiesta SE,"$7,988","75,442 mi.","Lakewood, CO (6 mi.)"
2019 Ford Fiesta SE,"$8,358","83,099 mi.","Sparta, TN (1,093 mi.)"
2013 Ford Fiesta SE,"$4,499","125,000 mi.","Birmingham, AL (1,094 mi.)"
2017 Ford Fiesta SE,"$9,995","58,789 mi.","Hamilton, OH (1,086 mi.)"
2018 Ford Fiesta SE,"$6,995","102,165 mi.","Hamilton, OH (1,086 mi.)"
2014 Ford Fiesta SE,"$6,699","78,132 mi.","West Chester, OH (1,095 mi.)"
2018 Ford Fiesta S,"$9,000","55,681 mi.","California, MD (1,526 mi.)"
2015 Ford Fiesta SE,"$6,995","79,230 mi.","Milwaukie, OR (977 mi.)"
2011 Ford Fiesta SE,"$7,995","38,500 mi.","Spencerport, NY (1,418 mi.)"
2013 Ford Fiesta SE,"$4,999","70,248 mi.","Lake Wales, FL (1,563 mi.)"
2016 Ford Fiesta SE,"$4,999","103,818 mi.","Capitol Heights, MD (1,497 mi.)"
2013 Ford Fiesta S,"$3,000","184,128 mi.","Farmington Hills, MI (1,134 mi.)"
2014 Ford Fiesta SE,"$4,695","158,058 mi.","Moraine, OH (1,100 mi.)"
2012 Ford Fiesta SE,"$5,495","109,133 mi.","Aberdeen, MD (1,524 mi.)"
2014 Ford Fiesta SE,"$7,995","95,763 mi.","Roseville, CA (876 mi.)"
2017 Ford Fiesta S,"$4,995","95,693 mi.","Roseville, CA (876 mi.)"
2019 Ford Fiesta SE,"$12,998","77,285 mi.","Nashville, TN (1,022 mi.)"
2015 Ford Fiesta Titanium,"$5,988","143,782 mi.","Saint Louis, MO (787 mi.)"
2019 Ford Fiesta SE,"$10,800","31,814 mi.","Brooklyn, NY (1,630 mi.)"
2019 Ford Fiesta SE,"$9,995","67,995 mi.","Dayton, OH (1,105 mi.)"
2018 Ford Fiesta SE,"$10,199","59,059 mi.","Tryon, NC (1,282 mi.)"
2015 Ford Fiesta SE,"$5,500","116,939 mi.","Elgin, IL (882 mi.)"
2016 Ford Fiesta SE,"$5,797","130,398 mi.","Minnetonka, MN (689 mi.)"
2016 Ford Fiesta SE,"$7,999","62,783 mi.","Media, PA (1,560 mi.)"
2013 Ford Fiesta SE,"$4,995","98,342 mi.","Englewood, CO (9 mi.)"
2018 Ford Fiesta SE,"$9,500","79,055 mi.","Dover, DE (1,563 mi.)"
2016 Ford Fiesta S,"$9,998","116,315 mi.","Albuquerque, NM (329 mi.)"
2018 Ford Fiesta SE,"$7,987","98,180 mi.","Knoxville, TN (1,166 mi.)"
2012 Ford Fiesta S,"$5,991","68,039 mi.","Arlington Heights, IL (900 mi.)"
2014 Ford Fiesta SE,"$4,995","120,562 mi.","Hampstead, NH (1,756 mi.)"
2011 Ford Fiesta SEL,"$3,500","128,000 mi.","Coopersburg, PA (1,556 mi.)"
2015 Ford Fiesta SE,"$5,988","92,306 mi.","Hiawatha, IA (711 mi.)"
2016 Ford Fiesta SE,"$7,588","66,255 mi.","Bountiful, UT (373 mi.)"
2014 Ford Fiesta SE,"$6,995","89,618 mi.","Baltimore, MD (1,510 mi.)"
2012 Ford Fiesta SES,"$4,900","150,000 mi.","Columbia, MD (1,495 mi.)"
2018 Ford Fiesta SE,"$8,990","69,132 mi.","Newport, OR (1,031 mi.)"
2019 Ford Fiesta SE,"$8,574","91,778 mi.","Bountiful, UT (373 mi.)"
2015 Ford Fiesta SE,"$5,840","128,785 mi.","Cincinnati, OH (1,100 mi.)"
2012 Ford Fiesta SE,"$3,995","122,065 mi.","Norfolk, VA (1,567 mi.)"
2017 Ford Fiesta SE,"$12,998","44,960 mi.","Albuquerque, NM (329 mi.)"
2018 Ford Fiesta SE,"$10,995","54,000 mi.","Tucson, AZ (617 mi.)"
2014 Ford Fiesta SE,"$6,949","111,605 mi.","Grand Forks, ND (686 mi.)"
2017 Ford Fiesta SE,"$14,998","31,609 mi.","Nashville, TN (1,022 mi.)"
2017 Ford Fiesta SE,"$8,990","50,303 mi.","Hillsdale, MI (1,070 mi.)"
2018 Ford Fiesta S,"$13,599","26,336 mi.","Kenner, LA (1,070 mi.)"
2019 Ford Fiesta SE,"$13,895","72,265 mi.","Pelham, AL (1,100 mi.)"
2013 Ford Fiesta S,"$5,900","95,493 mi.","Montgomery, AL (1,163 mi.)"
2019 Ford Fiesta SE,"$9,598","98,356 mi.","Tryon, NC (1,282 mi.)"
2019 Ford Fiesta SE,"$13,599","65,470 mi.","Greensboro, NC (1,388 mi.)"
2019 Ford Fiesta SE Sedan,"$7,995","94,644 mi.","Lebanon, PA (1,501 mi.)"
2018 Ford Fiesta SE,"$6,799","75,053 mi.","Naples, FL (1,630 mi.)"
2016 Ford Fiesta ST,"$15,998","40,907 mi.","Littleton, CO (11 mi.)"
2015 Ford Fiesta SE,"$9,798","73,124 mi.","Centennial, CO (13 mi.)"
2015 Ford Fiesta S,"$9,999","13,189 mi.","Centennial, CO (13 mi.)"
2013 Ford Fiesta SE,"$3,000","118,437 mi.","Aurora, CO (15 mi.)"
2018 Ford Fiesta SE,"$10,985","56,801 mi.","Pueblo, CO (102 mi.)"
2012 Ford Fiesta SE,"$5,974","120,191 mi.","West Valley City, UT (377 mi.)"
2016 Ford Fiesta SE,"$8,995","150,139 mi.","Fairbury, NE (414 mi.)"
2016 Ford Fiesta ST,"$7,495","96,053 mi.","Lincoln, NE (443 mi.)"
2019 Ford Fiesta SE,"$9,495","91,966 mi.","Huron, SD (469 mi.)"
2019 Ford Fiesta SE,"$8,950","49,000 mi.","Omaha, NE (481 mi.)"
2017 Ford Fiesta SE,"$11,258","81,135 mi.","Oklahoma City, OK (499 mi.)"
2014 Ford Fiesta SE,"$15,580","112,688 mi.","St George, UT (501 mi.)"
2013 Ford Fiesta SE,"$7,990","48,410 mi.","Bozeman, MT (515 mi.)"
2011 Ford Fiesta SE,"$2,450","178,529 mi.","Kansas City, MO (554 mi.)"
2016 Ford Fiesta SE,Not Priced,"79,466 mi.","El Paso, TX (557 mi.)"
2012 Ford Fiesta SES,Not Priced,"126,192 mi.","El Paso, TX (557 mi.)"
2014 Ford Fiesta ST,"$10,556","84,224 mi.","Phoenix, AZ (579 mi.)"
2016 Ford Fiesta S,"$8,898","66,215 mi.","Gilbert, AZ (585 mi.)"
2016 Ford Fiesta S,Not Priced,"80,067 mi.","Peoria, AZ (585 mi.)"
2012 Ford Fiesta SE,"$2,500","112,285 mi.","Phoenix, AZ (587 mi.)"
2019 Ford Fiesta SE,"$11,878","40,688 mi.","Des Moines, IA (604 mi.)"
2015 Ford Fiesta SE,"$6,428","79,534 mi.","Ames, IA (613 mi.)"
2012 Ford Fiesta SE,"$4,488","141,849 mi.","Denton, TX (632 mi.)"
2014 Ford Fiesta SE,"$3,900","119,959 mi.","Lewisville, TX (642 mi.)"
2019 Ford Fiesta SE,"$11,211","75,611 mi.","Boise, ID (643 mi.)"
2015 Ford Fiesta S,"$7,498","87,622 mi.","Arlington, TX (652 mi.)"
2017 Ford Fiesta ST,"$9,999","49,929 mi.","Apple Valley, MN (692 mi.)"
2015 Ford Fiesta SE,Not Priced,"161,414 mi.","BROOKLYN CENTER, MN (697 mi.)"
2016 Ford Fiesta S,"$7,900","101,913 mi.","Lockridge, IA (701 mi.)"
2014 Ford Fiesta SE,"$5,997",0 mi.,"Minneapolis, MN (702 mi.)"
2012 Ford Fiesta 4dr Sdn SE,"$4,995","81,504 mi.","Lino Lakes, MN (708 mi.)"
2017 Ford Fiesta SE,"$9,950","39,983 mi.","Rolla, MO (720 mi.)"
2014 Ford Fiesta SE,Not Priced,"85,547 mi.","Bemidji, MN (734 mi.)"
2015 Ford Fiesta SE,"$3,995","173,090 mi.","Somerton, AZ (736 mi.)"
2017 Ford Fiesta ST,"$9,999","81,634 mi.","Eau Claire, WI (772 mi.)"
2019 Ford Fiesta SE,"$10,750","58,212 mi.","Little Rock, AR (773 mi.)"
2019 Ford Fiesta SE,Not Priced,"85,000 mi.","Austin, TX (778 mi.)"
2019 Ford Fiesta SE,"$11,500","58,450 mi.","Florissant, MO (786 mi.)"
2016 Ford Fiesta SE,"$6,999","107,165 mi.","Reno, NV (789 mi.)"
2018 Ford Fiesta SE,Not Priced,"156,031 mi.","Springfield, IL (815 mi.)"
2015 Ford Fiesta S,"$5,995","103,243 mi.","Glendale, CA (826 mi.)"
2015 Ford Fiesta S,"$6,495","132,934 mi.","Costa Mesa, CA (831 mi.)"
2017 Ford Fiesta SE,"$8,744","89,443 mi.","Madison, WI (844 mi.)"
2011 Ford Fiesta SE,"$4,834","117,714 mi.","Belvidere, IL (857 mi.)"
2019 Ford Fiesta SE,"$13,495","16,798 mi.","Houston, TX (868 mi.)"
2019 Ford Fiesta S,"$8,995","17,406 mi.","Roseville, CA (876 mi.)"
2017 Ford Fiesta SE,"$9,495","52,990 mi.","Naperville, IL (888 mi.)"
2015 Ford Fiesta SE,"$7,991","66,867 mi.","Romeoville, IL (891 mi.)"
2016 Ford Fiesta SE 4dr Sedan,"$3,995","141,394 mi.","Pasadena, TX (891 mi.)"
2019 Ford Fiesta SE,"$7,995","51,063 mi.","Roselle, IL (892 mi.)"
2014 Ford Fiesta SE,"$7,732","69,809 mi.","Downers Grove, IL (896 mi.)"
2019 Ford Fiesta SE,"$8,550","67,723 mi.","Addison, IL (898 mi.)"
2011 Ford Fiesta SE,Not Priced,"107,156 mi.","Highland Park, IL (909 mi.)"
2019 Ford Fiesta SE,"$8,495","95,941 mi.","Skokie, IL (913 mi.)"
2017 Ford Fiesta ST,"$15,000",890 mi.,"Chicago, IL (914 mi.)"
2011 Ford Fiesta SE,"$6,498","89,526 mi.","Santa Clara, CA (934 mi.)"
2017 Ford Fiesta S,"$9,000","48,000 mi.","San Mateo, CA (947 mi.)"
2019 Ford Fiesta SE,"$5,991","135,184 mi.","Indianapolis, IN (999 mi.)"
2011 Ford Fiesta SE,"$3,995","145,583 mi.","Roy, WA (1,011 mi.)"
2011 Ford Fiesta SEL,"$5,995","138,483 mi.","Roy, WA (1,011 mi.)"
2015 Ford Fiesta SE,"$12,689","71,411 mi.","Bowling Green, KY (1,022 mi.)"
2017 Ford Fiesta SE,Not Priced,"81,265 mi.","Hammond, LA (1,037 mi.)"
2019 Ford Fiesta SE,Not Priced,"92,647 mi.","Decatur, AL (1,052 mi.)"
2017 Ford Fiesta SE,"$7,995","99,584 mi.","Florence, KY (1,084 mi.)"
2011 Ford Fiesta SE,"$3,900","107,261 mi.","Jackson, MI (1,085 mi.)"
2018 Ford Fiesta SE,"$5,500","61,000 mi.","Birmingham, AL (1,092 mi.)"
2019 Ford Fiesta SE,"$11,984","49,885 mi.","Georgetown, KY (1,100 mi.)"
2011 Ford Fiesta S,Not Priced,"160,712 mi.","Ann Arbor, MI (1,114 mi.)"
2017 Ford Fiesta ST,"$10,995","104,965 mi.","Somerset, KY (1,115 mi.)"
2016 Ford Fiesta SE,Not Priced,"71,504 mi.","Pell City, AL (1,118 mi.)"
2013 Ford Fiesta Titanium,Not Priced,"161,493 mi.","Flint, MI (1,121 mi.)"
2015 Ford Fiesta SE,"$6,928","49,034 mi.","Toledo, OH (1,127 mi.)"
2014 Ford Fiesta SE,"$6,720","81,514 mi.","Wixom, MI (1,129 mi.)"
2016 Ford Fiesta S,"$7,990","73,436 mi.","Oneida, TN (1,132 mi.)"
2017 Ford Fiesta SE,"$7,997","61,129 mi.","Livonia, MI (1,137 mi.)"
2015 Ford Fiesta ST,"$11,199","97,857 mi.","Shelby Township, MI (1,156 mi.)"
2018 Ford Fiesta SE,"$9,549","85,358 mi.","Shelby Township, MI (1,156 mi.)"
2017 Ford Fiesta SE 4dr Hatchback,"$6,950","57,748 mi.","Columbus, OH (1,162 mi.)"
2018 Ford Fiesta SE,"$8,998","69,789 mi.","Montgomery, AL (1,163 mi.)"
2014 Ford Fiesta SE,"$3,995","137,208 mi.","Mansfield, OH (1,181 mi.)"
2015 Ford Fiesta S,"$7,999","48,988 mi.","Pensacola, FL (1,185 mi.)"
2013 Ford Fiesta SE,"$5,485","127,020 mi.","Acworth, GA (1,189 mi.)"
2014 Ford Fiesta S,"$5,000","86,687 mi.","Logan, OH (1,196 mi.)"
2018 Ford Fiesta SE,Not Priced,"110,156 mi.","Parma, OH (1,221 mi.)"
2014 Ford Fiesta ST,Not Priced,"219,000 mi.","Barberton, OH (1,229 mi.)"
2019 Ford Fiesta SE,"$5,999","87,779 mi.","Wickliffe, OH (1,235 mi.)"
2019 Ford Fiesta SE,"$9,990","64,201 mi.","Gaffney, SC (1,314 mi.)"
2017 Ford Fiesta SE,"$7,741","71,439 mi.","Bethel Park, PA (1,316 mi.)"
2014 Ford Fiesta SE Hatchback,"$7,957","95,937 mi.","Murrysville, PA (1,332 mi.)"
2014 Ford Fiesta SE,"$8,949","134,983 mi.","Christiansburg, VA (1,340 mi.)"
2017 Ford Fiesta SE,"$6,695","58,354 mi.","Belmont, NC (1,343 mi.)"
2018 Ford Fiesta S,"$5,700","41,000 mi.","Mt Pleasant, PA (1,345 mi.)"
2016 Ford Fiesta SE,Not Priced,"65,000 mi.","Johnstown, PA (1,373 mi.)"
2014 Ford Fiesta SE Sedan,"$3,995","41,913 mi.","Bedford, VA (1,376 mi.)"
2018 Ford Fiesta S,"$2,995","89,506 mi.","Bedford, VA (1,376 mi.)"
2015 Ford Fiesta SE,"$6,273","101,721 mi.","Front Royal, VA (1,427 mi.)"
2019 Ford Fiesta SE,Not Priced,"80,123 mi.","Savannah, GA (1,427 mi.)"
2012 Ford Fiesta SE,Not Priced,"132,739 mi.","Summerville, SC (1,450 mi.)"
2012 Ford Fiesta SES 4dr Hatchback,"$5,950","107,159 mi.","Fayetteville, NC (1,459 mi.)"
2019 Ford Fiesta SE,"$11,988","70,498 mi.","Raleigh, NC (1,460 mi.)"
2015 Ford Fiesta S,"$4,990","79,142 mi.","Stafford, VA (1,472 mi.)"
2018 Ford Fiesta ST,"$13,995","63,245 mi.","Jacksonville, FL (1,473 mi.)"
2017 Ford Fiesta ST,"$10,499","99,671 mi.","Gaithersburg, MD (1,475 mi.)"
2019 Ford Fiesta SE,"$9,988","74,253 mi.","Gaithersburg, MD (1,475 mi.)"
2019 Ford Fiesta SE,"$12,870","57,105 mi.","Selinsgrove, PA (1,477 mi.)"
2017 Ford Fiesta S,"$7,264","70,520 mi.","Gaithersburg, MD (1,478 mi.)"
2015 Ford Fiesta ST,Not Priced,"172,125 mi.","Woodbridge, VA (1,479 mi.)"
2013 Ford Fiesta SE,Not Priced,"160,123 mi.","Woodbridge, VA (1,479 mi.)"
2017 Ford Fiesta Titanium,"$10,000","62,535 mi.","Springfield, VA (1,482 mi.)"
2014 Ford Fiesta SE,"$4,900","107,970 mi.","Princeton, NC (1,492 mi.)"
2016 Ford Fiesta S,$499,"129,810 mi.","New Port Richey, FL (1,496 mi.)"
2016 Ford Fiesta SE,"$4,999","120,041 mi.","New Port Richey, FL (1,496 mi.)"
2012 Ford Fiesta SE,"$3,500","87,591 mi.","Essex, MD (1,513 mi.)"
2017 Ford Fiesta ST,"$11,998","80,268 mi.","Fallston, MD (1,515 mi.)"
2018 Ford Fiesta SE,Not Priced,"84,451 mi.","Hallstead, PA (1,524 mi.)"
2015 Ford Fiesta SE,Not Priced,"120,853 mi.","Elkton, MD (1,544 mi.)"
2017 Ford Fiesta SE,"$6,033","95,176 mi.","Sarasota, FL (1,550 mi.)"
2019 Ford Fiesta SE,"$3,500","85,376 mi.","Orlando, FL (1,550 mi.)"
2014 Ford Fiesta ST,"$9,995","96,585 mi.","Orlando, FL (1,551 mi.)"
2011 Ford Fiesta SE Hatchback,"$5,995","86,972 mi.","Moyock, NC (1,574 mi.)"
2016 Ford Fiesta Titanium,Not Priced,"52,118 mi.","Stratford, NJ (1,583 mi.)"
2018 Ford Fiesta SE,"$12,985","45,412 mi.","Melbourne, FL (1,596 mi.)"
2011 Ford Fiesta SE,"$4,455","141,049 mi.","Union, NJ (1,611 mi.)"
2019 Ford Fiesta SE,"$15,998","3,704 mi.","Smithtown, NY (1,668 mi.)"
2016 Ford Fiesta SE,"$4,866","117,823 mi.","Meriden, CT (1,681 mi.)"
2011 Ford Fiesta SES,Not Priced,"135,558 mi.","Hyannis, MA (1,808 mi.)"
2017 Ford Fiesta SE,"$9,982","32,090 mi.","Honolulu, HI (3,342 mi.)"
2014 Ford Fiesta ST,Not Priced,"91,785 mi.","Honolulu, HI (3,342 mi.)"
